"date","st_Name","st_Age","st_Grade","sib1_Name","sib1_Age","sib1_grade","sib2_Name","sib2_Age","sib2_grade","sib3_Name","sib3_Age","sib3_grade","sib4_Name","sib4_Age","sib4_grade","p1_Name","p1_age","p1_relation","p1_cell","p1_work","p1_occupation","p2_Name","p2_age","p2_relation","p2_cell","p2_work","p2_occupation","homePhone","address","city","state","zip","email","marital_status","own_home","credit","household","pre_college","in_college","test_type","sat_verbal","sat_math","sat_writing","act","class_rank","gpa","st_col1","st_col2","st_col3","st_col4","st_col5","st_cyst1","st_cyst2","st_cyst3","st_cyst4","st_cyst5","sib_college_type","sib_col1","sib_col2","sib_col3","sib_cyst1","sib_cyst2","sib_cyst3","st_ei","st_ui","int_div","st_agi","father_ei","mother_ei","p_oti","ira_contributions","retirement_contribution","p_agi","itemized_deductions","oui","total_tax","monthly_contribution","extra_tuition","st_p_cont","st_grants","sib_p_cont","sib_grants","cs_paid","cs_recd","purchase_price","purchase_year","present_value","real_estate","p_ccs","st_ccs","sib_ccs","p_cd","st_cd","sib_cd","p_tb","st_tb","sib_tb","p_mmf","st_mmf","sib_mmf","p_mf","st_mf","sib_mf","p_stock","st_stock","sib_stock","p_bond","st_bond","sib_bond","p_teb","st_teb","sib_teb","p_ann","st_ann","sib_ann","p_tf","st_tf","sib_tf","p_lp","st_lp","sib_lp","p_ba","st_ba","sib_ba","p_fa","st_fa","sib_fa","p_ppta","st_ppta","sib_ppta","p_oa","st_oa","sib_oa","p_csv","st_csv","sib_csv","monthlyExpense","fm_pay","fm_bal","sm_pay","sm_bal","heloc_pay","heloc_bal","car_pay","car_bal","cc_pay","cc_bal","other1_pay","other1_bal","li_pay","f_ira","m_ira","f_401k","m_401k","f_403b","m_403b","f_pension","m_pension","f_ann","m_ann","f_rollover","m_rollover","f_sep","m_sep","f_ret_cont","m_ret_cont","f_emp_match","m_emp_match","comments","re_tax","home_ins","other1_type","other2_type","other2_pay","other2_bal","other3_type","other3_pay","other3_bal"
"05/05/2014 17:19","Michael Raia","18","","","","","","","","","","","","","","Michael Raia","53","Father/Step-Father","","2015689007","Data Research @ RD Legal Funding, LLC","Judith Raia","61","Mother","","2012617800","Speech-Language Specialist @ Paramus Board of Education","2012486249","100 Rivervale Road","Park Ridge","NJ","07656","michaelraia@parkridge.k12.nj.us","Married","Yes","Excellent","3","0","1","","430","610","470","","/","","University of Massachusetts Amherst","Rider University","Monmouth University","University of Rhode Island","Sacred Heart University","Amherst, MA","Lawrenceville, NJ","West Long Branch, NJ","Kingston, RI","Fairfield, CT","","","","","","","","0","0","","0","6000","100540","0","","20000","112513","31712","31712","12043","27000","0","0","0","0","","0","0","370000","1994","575000","549000","52520","0","","159951","0","","0","0","","0","0","","81526","0","","275246","0","","0","0","","","","","0","0","","","","","","","","0","0","","","","","17416","0","","0","0","","","","","10500","0","0","0","0","0","0","0","0","8000","6000","0","0","0","249832","0","0","0","0","396168","0","0","0","0","0","0","0","0","","","0","0","*Annual Real Estate Taxes for both houses
*Can't find Mount St. Mary University in Maryland
*Mother's Retirement I ($19,236) is 457b

*Applied for FAFSA Pin 12/15/13","25815","","Other","","","","","",""
